{
  "tokenPrice": 1.2056010918369224e-09,
  "portfolioValue": 248.2240436734769,
  "profit": 48.2240436734769,
  "valuation": 1205.6010918369225,
  "muonPrice": 965.3482574238672,
  "tsmonPrice": 422.20688044470364,
  "googlonPrice": 381.0803713101602,
  "currentMuonValue": 143.58464085909495,
  "currentTSMonValue": 53.73366259127747,
  "currentGOOGLonValue": 50.905740223104495
}