{
  "tokenPrice": 1.170918527662289e-09,
  "portfolioValue": 246.83674110649156,
  "profit": 46.83674110649156,
  "valuation": 1170.9185276622889,
  "muonPrice": 940.8749971350052,
  "tsmonPrice": 429.87970760661307,
  "googlonPrice": 390.6348172764902,
  "currentMuonValue": 139.94452004030896,
  "currentTSMonValue": 54.710172271567316,
  "currentGOOGLonValue": 52.18204879461531
}