{
  "tokenPrice": 9.471249003596114e-10,
  "portfolioValue": 187.88499601438446,
  "profit": 37.884996014384456,
  "valuation": 947.1249003596114,
  "muonPrice": 907.4317664646335,
  "tsmonPrice": 415.7725805018425
}