{
  "tokenPrice": 1.1812333598687218e-09,
  "portfolioValue": 247.24933439474887,
  "profit": 47.24933439474887,
  "valuation": 1181.233359868722,
  "muonPrice": 946.4229810452598,
  "tsmonPrice": 430.92691761296294,
  "googlonPrice": 386.5483332835974,
  "currentMuonValue": 140.76971993176758,
  "currentTSMonValue": 54.84344918331291,
  "currentGOOGLonValue": 51.63616527966837
}