{
  "tokenPrice": 1.220379881175044e-09,
  "portfolioValue": 248.81519524700175,
  "profit": 48.81519524700175,
  "valuation": 1220.379881175044,
  "muonPrice": 954.8025160376073,
  "tsmonPrice": 430.1851435228209,
  "googlonPrice": 389.64682062976834,
  "currentMuonValue": 142.01608103843517,
  "currentTSMonValue": 54.749044661442824,
  "currentGOOGLonValue": 52.05006954712375
}