{
  "tokenPrice": 1.2063529325680733e-09,
  "portfolioValue": 248.25411730272293,
  "profit": 48.25411730272293,
  "valuation": 1206.3529325680734,
  "muonPrice": 965.4083185992992,
  "tsmonPrice": 422.1605615405766,
  "googlonPrice": 381.28275643308666,
  "currentMuonValue": 143.59357428000047,
  "currentTSMonValue": 53.72776765095026,
  "currentGOOGLonValue": 50.9327753717722
}