{
  "tokenPrice": 1.0634916764939034e-09,
  "portfolioValue": 242.53966705975614,
  "profit": 42.53966705975614,
  "valuation": 1063.4916764939035,
  "muonPrice": 916.4434453284023,
  "tsmonPrice": 425.4469663291386,
  "googlonPrice": 389.8936412581714,
  "currentMuonValue": 136.31060288678043,
  "currentTSMonValue": 54.14602366293412,
  "currentGOOGLonValue": 52.0830405100416
}