{
  "tokenPrice": 1.1988683817336962e-09,
  "portfolioValue": 247.95473526934785,
  "profit": 47.95473526934785,
  "valuation": 1198.8683817336962,
  "muonPrice": 963.6815598056305,
  "tsmonPrice": 421.55740885422705,
  "googlonPrice": 381.53889885230393,
  "currentMuonValue": 143.33673842896692,
  "currentTSMonValue": 53.65100527581986,
  "currentGOOGLonValue": 50.96699156456104
}