{
  "tokenPrice": 9.450953613820502e-10,
  "portfolioValue": 187.803814455282,
  "profit": 37.80381445528201,
  "valuation": 945.0953613820502,
  "muonPrice": 907.5493862665211,
  "tsmonPrice": 414.9972423240643
}