{
  "tokenPrice": 1.0628726761201151e-09,
  "portfolioValue": 242.5149070448046,
  "profit": 42.5149070448046,
  "valuation": 1062.872676120115,
  "muonPrice": 924.4415918567569,
  "tsmonPrice": 417.9777631113677,
  "googlonPrice": 387.9188408574815,
  "currentMuonValue": 137.500236770698,
  "currentTSMonValue": 53.19542890922795,
  "currentGOOGLonValue": 51.81924136487864
}