{
  "tokenPrice": 1.0094893264278014e-09,
  "portfolioValue": 240.37957305711205,
  "profit": 40.379573057112054,
  "valuation": 1009.4893264278014,
  "muonPrice": 911.4283371798344,
  "tsmonPrice": 416.96885581793276,
  "googlonPrice": 387.3846602772409,
  "currentMuonValue": 135.56466224117003,
  "currentTSMonValue": 53.06702672868032,
  "currentGOOGLonValue": 51.74788408726168
}