{
  "tokenPrice": 3.176097780524749e-10,
  "portfolioValue": 162.704391122099,
  "profit": 12.704391122098997,
  "valuation": 317.6097780524749,
  "muonPrice": 746.4518090027365,
  "tsmonPrice": 406.05567996215404
}