{
  "tokenPrice": 1.0458797661136279e-09,
  "portfolioValue": 241.83519064454512,
  "profit": 41.83519064454512,
  "valuation": 1045.879766113628,
  "muonPrice": 912.8203800479187,
  "tsmonPrice": 424.5731722859749,
  "googlonPrice": 389.48655333487744,
  "currentMuonValue": 135.77171288194887,
  "currentTSMonValue": 54.03481715147184,
  "currentGOOGLonValue": 52.02866061112443
}