{
  "tokenPrice": 1.1048853866708853e-09,
  "portfolioValue": 244.1954154668354,
  "profit": 44.195415466835414,
  "valuation": 1104.8853866708853,
  "muonPrice": 925.8798988472568,
  "tsmonPrice": 427.05526138756375,
  "googlonPrice": 390.2492054291216,
  "currentMuonValue": 137.71416867671002,
  "currentTSMonValue": 54.35070906248424,
  "currentGOOGLonValue": 52.13053772764115
}