{
  "tokenPrice": 1.1247355431609832e-09,
  "portfolioValue": 194.98942172643933,
  "profit": 44.98942172643933,
  "valuation": 1124.7355431609833,
  "muonPrice": 952.5007595789018,
  "tsmonPrice": 418.9227885805499
}