{
  "tokenPrice": 1.1564228471281467e-09,
  "portfolioValue": 246.25691388512587,
  "profit": 46.25691388512587,
  "valuation": 1156.4228471281467,
  "muonPrice": 937.2085286460957,
  "tsmonPrice": 430.69217642764534,
  "googlonPrice": 389.60262350252464,
  "currentMuonValue": 139.39917429886,
  "currentTSMonValue": 54.813574010187246,
  "currentGOOGLonValue": 52.04416557607863
}