{
  "tokenPrice": 1.0150405507236799e-09,
  "portfolioValue": 190.6016220289472,
  "profit": 40.60162202894719,
  "valuation": 1015.0405507236798,
  "muonPrice": 923.7270750842503,
  "tsmonPrice": 418.0738798720947
}