{
  "tokenPrice": 1.1384431735925746e-09,
  "portfolioValue": 245.53772694370298,
  "profit": 45.53772694370298,
  "valuation": 1138.4431735925746,
  "muonPrice": 940.5413232708146,
  "tsmonPrice": 421.55036032533815,
  "googlonPrice": 389.217568538759
}