{
  "tokenPrice": 4.898691747995002e-10,
  "portfolioValue": 169.59476699198,
  "profit": 19.59476699198001,
  "valuation": 489.86917479950023,
  "muonPrice": 786.1367211504255,
  "tsmonPrice": 413.8163851614521
}