{
  "tokenPrice": 1.1427962609394568e-09,
  "portfolioValue": 245.71185043757828,
  "profit": 45.71185043757828,
  "valuation": 1142.796260939457,
  "muonPrice": 935.0148612817563,
  "tsmonPrice": 427.16434542758094,
  "googlonPrice": 391.32591383411176,
  "currentMuonValue": 139.07289107593948,
  "currentTSMonValue": 54.36459203140745,
  "currentGOOGLonValue": 52.274367330231335
}