{
  "tokenPrice": 1.1989429878281441e-09,
  "portfolioValue": 247.95771951312577,
  "profit": 47.95771951312577,
  "valuation": 1198.9429878281442,
  "muonPrice": 952.1731709128021,
  "tsmonPrice": 427.1569615901035,
  "googlonPrice": 389.0404695371278,
  "currentMuonValue": 141.6249956736081,
  "currentTSMonValue": 54.363652301028765,
  "currentGOOGLonValue": 51.96907153848889
}