{
  "tokenPrice": 9.569882138954966e-10,
  "portfolioValue": 188.27952855581987,
  "profit": 38.279528555819866,
  "valuation": 956.9882138954966,
  "muonPrice": 910.6960122688123,
  "tsmonPrice": 415.05765828596907
}