{
  "tokenPrice": 1.1702226717245217e-09,
  "portfolioValue": 246.80890686898087,
  "profit": 46.80890686898087,
  "valuation": 1170.2226717245217,
  "muonPrice": 954.2219246750985,
  "tsmonPrice": 422.05080587644954,
  "googlonPrice": 383.024057341919,
  "currentMuonValue": 141.92972463634854,
  "currentTSMonValue": 53.713799205392306,
  "currentGOOGLonValue": 51.16538302724005
}