{
  "tokenPrice": 1.1622485398122926e-09,
  "portfolioValue": 246.4899415924917,
  "profit": 46.489941592491704,
  "valuation": 1162.2485398122926,
  "muonPrice": 944.1842007310339,
  "tsmonPrice": 425.0219138568882,
  "googlonPrice": 388.9821950734821,
  "currentMuonValue": 140.43672666751456,
  "currentTSMonValue": 54.09192784596535,
  "currentGOOGLonValue": 51.961287079011775
}