{
  "tokenPrice": 4.685214868105632e-10,
  "portfolioValue": 168.74085947242253,
  "profit": 18.740859472422528,
  "valuation": 468.5214868105632,
  "muonPrice": 780.602510268717,
  "tsmonPrice": 413.5747213138329
}