{
  "tokenPrice": 1.2363837463304663e-09,
  "portfolioValue": 249.45534985321865,
  "profit": 49.45534985321865,
  "valuation": 1236.3837463304662,
  "muonPrice": 970.8959079945982,
  "tsmonPrice": 422.3730243399418,
  "googlonPrice": 383.9625634624015,
  "currentMuonValue": 144.40979117006756,
  "currentTSMonValue": 53.75480748592941,
  "currentGOOGLonValue": 51.29075119722168
}