{
  "tokenPrice": 1.1530274545637868e-09,
  "portfolioValue": 246.12109818255146,
  "profit": 46.121098182551464,
  "valuation": 1153.0274545637867,
  "muonPrice": 934.7520936392415,
  "tsmonPrice": 432.1956528129637,
  "googlonPrice": 389.8886333121017,
  "currentMuonValue": 139.03380735947783,
  "currentTSMonValue": 55.00491928792777,
  "currentGOOGLonValue": 52.08237153514584
}