{
  "tokenPrice": 1.1298287591359851e-09,
  "portfolioValue": 245.1931503654394,
  "profit": 45.19315036543941,
  "valuation": 1129.8287591359851,
  "muonPrice": 931.8665455583963,
  "tsmonPrice": 427.22895727804,
  "googlonPrice": 390.8868842291959,
  "currentMuonValue": 138.60461470109416,
  "currentTSMonValue": 54.37281508871127,
  "currentGOOGLonValue": 52.21572057563397
}