{
  "tokenPrice": 9.377515804825493e-10,
  "portfolioValue": 187.51006321930197,
  "profit": 37.51006321930197,
  "valuation": 937.7515804825492,
  "muonPrice": 904.7300856621772,
  "tsmonPrice": 415.98403636850935
}