{
  "tokenPrice": 4.790563705567144e-10,
  "portfolioValue": 169.16225482226858,
  "profit": 19.16225482226858,
  "valuation": 479.05637055671446,
  "muonPrice": 781.3212713642874,
  "tsmonPrice": 416.04577745384523
}