{
  "tokenPrice": 1.016476346848333e-09,
  "portfolioValue": 240.65905387393332,
  "profit": 40.65905387393332,
  "valuation": 1016.4763468483329,
  "muonPrice": 904.7488067305593,
  "tsmonPrice": 422.30002171930687,
  "googlonPrice": 391.83505468400375,
  "currentMuonValue": 134.57115759319362,
  "currentTSMonValue": 53.74551654737023,
  "currentGOOGLonValue": 52.34237973336946
}