{
  "tokenPrice": 9.290322035652352e-10,
  "portfolioValue": 237.1612881426094,
  "profit": 37.16128814260941,
  "valuation": 929.0322035652352,
  "muonPrice": 893.0791395674219,
  "tsmonPrice": 413.79864502117147,
  "googlonPrice": 386.74400074766595,
  "currentMuonValue": 132.83542651823862,
  "currentTSMonValue": 52.663558558959885,
  "currentGOOGLonValue": 51.662303065410896
}