{
  "tokenPrice": 1.1386928884758467e-09,
  "portfolioValue": 245.54771553903387,
  "profit": 45.547715539033874,
  "valuation": 1138.6928884758468,
  "muonPrice": 934.4858224281598,
  "tsmonPrice": 427.6191436986752,
  "googlonPrice": 390.25296138867395,
  "currentMuonValue": 138.99420252679673,
  "currentTSMonValue": 54.42247355342418,
  "currentGOOGLonValue": 52.13103945881298
}