{
  "tokenPrice": 1.1011357047859335e-09,
  "portfolioValue": 244.04542819143734,
  "profit": 44.04542819143734,
  "valuation": 1101.1357047859335,
  "muonPrice": 924.5750608018213,
  "tsmonPrice": 426.70786960661115,
  "googlonPrice": 390.9102543103249,
  "currentMuonValue": 137.52008876752458,
  "currentTSMonValue": 54.30649701003018,
  "currentGOOGLonValue": 52.21884241388257
}