{
  "tokenPrice": 8.440384705074393e-10,
  "portfolioValue": 183.76153882029757,
  "profit": 33.761538820297574,
  "valuation": 844.0384705074393,
  "muonPrice": 880.4117451671851,
  "tsmonPrice": 414.951211402689
}