{
  "tokenPrice": 1.1583005942811959e-09,
  "portfolioValue": 246.33202377124783,
  "profit": 46.33202377124783,
  "valuation": 1158.3005942811958,
  "muonPrice": 939.5434028369343,
  "tsmonPrice": 427.75004494946893,
  "googlonPrice": 390.3681761991324,
  "currentMuonValue": 139.74646044100047,
  "currentTSMonValue": 54.43913316739238,
  "currentGOOGLonValue": 52.14643016285498
}