{
  "tokenPrice": 1.2074627805216594e-09,
  "portfolioValue": 248.29851122086637,
  "profit": 48.298511220866374,
  "valuation": 1207.4627805216594,
  "muonPrice": 965.81706793176,
  "tsmonPrice": 422.1239565161912,
  "googlonPrice": 381.1948389350651,
  "currentMuonValue": 143.65437112264397,
  "currentTSMonValue": 53.72310898213036,
  "currentGOOGLonValue": 50.92103111609205
}